acs_year,geoid,jurisdiction,geography_type,acs_period,population,population_moe,median_household_income,median_household_income_moe,county_median_household_income,jurisdiction_county_income_ratio,jurisdiction_county_income_pct,median_home_value,median_home_value_moe,renter_households_total,renter_households_not_computed,renter_households_computed,renter_cost_burdened_count,renter_cost_burdened_count_moe,renter_severely_burdened_count,renter_severely_burdened_count_moe,renter_cost_burdened_pct,renter_severely_burdened_pct,owner_with_mortgage_computed,owner_without_mortgage_computed,owner_households_computed,owner_with_mortgage_burdened_count,owner_without_mortgage_burdened_count,owner_cost_burdened_count,owner_cost_burdened_count_moe,owner_with_mortgage_severely_burdened_count,owner_without_mortgage_severely_burdened_count,owner_severely_burdened_count,owner_severely_burdened_count_moe,owner_cost_burdened_pct,owner_severely_burdened_pct,owner_with_mortgage_burdened_pct,owner_without_mortgage_burdened_pct,owner_with_mortgage_severely_burdened_pct,owner_without_mortgage_severely_burdened_pct,median_gross_rent_1br,median_gross_rent_1br_moe,annual_gross_rent_1br,one_br_rent_to_income_pct,median_owner_cost_with_mortgage,median_owner_cost_with_mortgage_moe,median_owner_cost_without_mortgage,median_owner_cost_without_mortgage_moe,owner_cost_with_mortgage_to_income_pct,owner_cost_without_mortgage_to_income_pct,median_owner_cost_with_mortgage_annotation,median_owner_cost_without_mortgage_annotation,median_owner_cost_with_mortgage_top_coded,median_owner_cost_without_mortgage_top_coded,owner_cost_with_mortgage_to_income_is_lower_bound,owner_cost_without_mortgage_to_income_is_lower_bound,owner_cost_with_mortgage_to_income_display,owner_cost_without_mortgage_to_income_display,median_owner_cost_with_mortgage_display,median_owner_cost_without_mortgage_display,population_source_table,income_source_table,renter_burden_source_table,owner_burden_source_table,one_bedroom_rent_source_table,home_value_source_table,owner_cost_source_table,source,renter_burden_definition,severe_renter_burden_definition,owner_burden_definition,severe_owner_burden_definition,rent_to_income_note,rent_to_income_metric_type,rent_to_income_denominator,owner_cost_to_income_metric_type,owner_cost_to_income_denominator,owner_cost_to_income_note,hud_fiscal_year,hud_four_person_median_family_income,hud_four_person_extremely_low_income_limit,hud_four_person_very_low_income_limit,hud_four_person_low_income_limit,hud_geography_note
2024,06073,San Diego County (Countywide),county,2020–2024 ACS 5-year,3288774.0,,106268.0,949.0,106268.0,1.0,100.0,854700.0,3996.0,532140.0,23023.0,509117.0,294194.0,4651.5,150516.0,3020.0,57.79,29.56,442325.0,191342.0,633667.0,171159.0,32553.0,203712.0,3586.5,73715.0,16772.0,90487.0,2466.9,32.15,14.28,38.7,17.01,16.67,8.77,1888.0,14.0,22656.0,21.32,3184.0,17.0,871.0,10.0,35.95,9.84,,,False,False,False,False,36.0%,9.8%,"$3,184",$871,ACS B01003,ACS B19013,ACS B25070,ACS B25091,ACS B25031,ACS B25077,ACS B25088,"U.S. Census Bureau, 2024 ACS 5-year",Gross rent is at least 30% of household income; not-computed households excluded,Gross rent is at least 50% of household income; not-computed households excluded,Selected monthly owner costs are at least 30% of household income; not-computed households excluded,Selected monthly owner costs are at least 50% of household income; not-computed households excluded,Benchmark based on median one-bedroom gross rent divided by median household income; not an observed household burden rate,benchmark,ACS median household income for all households,benchmark,ACS median household income for all households,Benchmark comparing median selected monthly owner costs with median household income for all households; not an observed homeowner burden rate,2026,130900,52450,87450,139900,HUD values are regional benchmarks repeated for each jurisdiction.
2024,0611194,Carlsbad,jurisdiction,2020–2024 ACS 5-year,114373.0,104.0,142748.0,7547.0,106268.0,1.343,134.3,1257000.0,36014.0,16350.0,607.0,15743.0,8903.0,850.6,4471.0,579.0,56.55,28.4,19030.0,8115.0,27145.0,6809.0,1354.0,8163.0,689.2,3114.0,649.0,3763.0,465.8,30.07,13.86,35.78,16.69,16.36,8.0,2275.0,115.0,27300.0,19.12,3741.0,129.0,1092.0,58.0,31.45,9.18,,,False,False,False,False,31.4%,9.2%,"$3,741","$1,092",ACS B01003,ACS B19013,ACS B25070,ACS B25091,ACS B25031,ACS B25077,ACS B25088,"U.S. Census Bureau, 2024 ACS 5-year",Gross rent is at least 30% of household income; not-computed households excluded,Gross rent is at least 50% of household income; not-computed households excluded,Selected monthly owner costs are at least 30% of household income; not-computed households excluded,Selected monthly owner costs are at least 50% of household income; not-computed households excluded,Benchmark based on median one-bedroom gross rent divided by median household income; not an observed household burden rate,benchmark,ACS median household income for all households,benchmark,ACS median household income for all households,Benchmark comparing median selected monthly owner costs with median household income for all households; not an observed homeowner burden rate,2026,130900,52450,87450,139900,HUD values are regional benchmarks repeated for each jurisdiction.
2024,0613392,Chula Vista,jurisdiction,2020–2024 ACS 5-year,276375.0,86.0,108032.0,2863.0,106268.0,1.017,101.7,758700.0,14842.0,34429.0,1661.0,32768.0,20390.0,1236.6,10970.0,863.0,62.23,33.48,36887.0,14013.0,50900.0,15308.0,1835.0,17143.0,1154.6,6147.0,993.0,7140.0,742.0,33.68,14.03,41.5,13.09,16.66,7.09,1822.0,76.0,21864.0,20.24,3090.0,61.0,806.0,46.0,34.32,8.95,,,False,False,False,False,34.3%,8.9%,"$3,090",$806,ACS B01003,ACS B19013,ACS B25070,ACS B25091,ACS B25031,ACS B25077,ACS B25088,"U.S. Census Bureau, 2024 ACS 5-year",Gross rent is at least 30% of household income; not-computed households excluded,Gross rent is at least 50% of household income; not-computed households excluded,Selected monthly owner costs are at least 30% of household income; not-computed households excluded,Selected monthly owner costs are at least 50% of household income; not-computed households excluded,Benchmark based on median one-bedroom gross rent divided by median household income; not an observed household burden rate,benchmark,ACS median household income for all households,benchmark,ACS median household income for all households,Benchmark comparing median selected monthly owner costs with median household income for all households; not an observed homeowner burden rate,2026,130900,52450,87450,139900,HUD values are regional benchmarks repeated for each jurisdiction.
2024,0616378,Coronado,jurisdiction,2020–2024 ACS 5-year,19015.0,39.0,134534.0,11789.0,106268.0,1.266,126.6,2000001.0,,3312.0,64.0,3248.0,2003.0,326.7,1052.0,250.0,61.67,32.39,2165.0,1801.0,3966.0,1069.0,464.0,1533.0,250.5,671.0,189.0,860.0,153.4,38.65,21.68,49.38,25.76,30.99,10.49,2343.0,163.0,28116.0,20.9,4001.0,,1427.0,158.0,35.69,12.73,"4,000+",,True,False,True,False,≥35.7%,12.7%,"$4,000+","$1,427",ACS B01003,ACS B19013,ACS B25070,ACS B25091,ACS B25031,ACS B25077,ACS B25088,"U.S. Census Bureau, 2024 ACS 5-year",Gross rent is at least 30% of household income; not-computed households excluded,Gross rent is at least 50% of household income; not-computed households excluded,Selected monthly owner costs are at least 30% of household income; not-computed households excluded,Selected monthly owner costs are at least 50% of household income; not-computed households excluded,Benchmark based on median one-bedroom gross rent divided by median household income; not an observed household burden rate,benchmark,ACS median household income for all households,benchmark,ACS median household income for all households,Benchmark comparing median selected monthly owner costs with median household income for all households; not an observed homeowner burden rate,2026,130900,52450,87450,139900,HUD values are regional benchmarks repeated for each jurisdiction.
2024,0618506,Del Mar,jurisdiction,2020–2024 ACS 5-year,3903.0,25.0,199152.0,30303.0,106268.0,1.874,187.4,2000001.0,,868.0,30.0,838.0,381.0,167.9,234.0,147.0,45.47,27.92,551.0,436.0,987.0,222.0,37.0,259.0,92.0,136.0,21.0,157.0,70.6,26.24,15.91,40.29,8.49,24.68,4.82,3003.0,409.0,36036.0,18.09,4001.0,,1208.0,470.0,24.11,7.28,"4,000+",,True,False,True,False,≥24.1%,7.3%,"$4,000+","$1,208",ACS B01003,ACS B19013,ACS B25070,ACS B25091,ACS B25031,ACS B25077,ACS B25088,"U.S. Census Bureau, 2024 ACS 5-year",Gross rent is at least 30% of household income; not-computed households excluded,Gross rent is at least 50% of household income; not-computed households excluded,Selected monthly owner costs are at least 30% of household income; not-computed households excluded,Selected monthly owner costs are at least 50% of household income; not-computed households excluded,Benchmark based on median one-bedroom gross rent divided by median household income; not an observed household burden rate,benchmark,ACS median household income for all households,benchmark,ACS median household income for all households,Benchmark comparing median selected monthly owner costs with median household income for all households; not an observed homeowner burden rate,2026,130900,52450,87450,139900,HUD values are regional benchmarks repeated for each jurisdiction.
2024,0621712,El Cajon,jurisdiction,2020–2024 ACS 5-year,104449.0,64.0,67511.0,4257.0,106268.0,0.635,63.5,681700.0,18389.0,19824.0,1054.0,18770.0,13157.0,998.4,7642.0,729.0,70.1,40.71,9890.0,4134.0,14024.0,4082.0,923.0,5005.0,626.5,2050.0,499.0,2549.0,508.8,35.69,18.18,41.27,22.33,20.73,12.07,1650.0,43.0,19800.0,29.33,2722.0,111.0,787.0,59.0,48.38,13.99,,,False,False,False,False,48.4%,14.0%,"$2,722",$787,ACS B01003,ACS B19013,ACS B25070,ACS B25091,ACS B25031,ACS B25077,ACS B25088,"U.S. Census Bureau, 2024 ACS 5-year",Gross rent is at least 30% of household income; not-computed households excluded,Gross rent is at least 50% of household income; not-computed households excluded,Selected monthly owner costs are at least 30% of household income; not-computed households excluded,Selected monthly owner costs are at least 50% of household income; not-computed households excluded,Benchmark based on median one-bedroom gross rent divided by median household income; not an observed household burden rate,benchmark,ACS median household income for all households,benchmark,ACS median household income for all households,Benchmark comparing median selected monthly owner costs with median household income for all households; not an observed homeowner burden rate,2026,130900,52450,87450,139900,HUD values are regional benchmarks repeated for each jurisdiction.
2024,0622678,Encinitas,jurisdiction,2020–2024 ACS 5-year,61480.0,51.0,162229.0,10306.0,106268.0,1.527,152.7,1646800.0,53037.0,8027.0,250.0,7777.0,3970.0,582.5,1957.0,411.0,51.05,25.16,9792.0,6028.0,15820.0,3374.0,1031.0,4405.0,487.2,1504.0,624.0,2128.0,361.7,27.84,13.45,34.46,17.1,15.36,10.35,2233.0,100.0,26796.0,16.52,4001.0,,993.0,66.0,29.6,7.35,"4,000+",,True,False,True,False,≥29.6%,7.3%,"$4,000+",$993,ACS B01003,ACS B19013,ACS B25070,ACS B25091,ACS B25031,ACS B25077,ACS B25088,"U.S. Census Bureau, 2024 ACS 5-year",Gross rent is at least 30% of household income; not-computed households excluded,Gross rent is at least 50% of household income; not-computed households excluded,Selected monthly owner costs are at least 30% of household income; not-computed households excluded,Selected monthly owner costs are at least 50% of household income; not-computed households excluded,Benchmark based on median one-bedroom gross rent divided by median household income; not an observed household burden rate,benchmark,ACS median household income for all households,benchmark,ACS median household income for all households,Benchmark comparing median selected monthly owner costs with median household income for all households; not an observed homeowner burden rate,2026,130900,52450,87450,139900,HUD values are regional benchmarks repeated for each jurisdiction.
2024,0622804,Escondido,jurisdiction,2020–2024 ACS 5-year,149668.0,57.0,91967.0,3679.0,106268.0,0.865,86.5,714500.0,19855.0,23457.0,1181.0,22276.0,13845.0,1030.0,7484.0,745.0,62.15,33.6,18577.0,7992.0,26569.0,7154.0,1609.0,8763.0,869.1,2639.0,982.0,3621.0,588.5,32.98,13.63,38.51,20.13,14.21,12.29,1683.0,48.0,20196.0,21.96,2869.0,71.0,850.0,43.0,37.44,11.09,,,False,False,False,False,37.4%,11.1%,"$2,869",$850,ACS B01003,ACS B19013,ACS B25070,ACS B25091,ACS B25031,ACS B25077,ACS B25088,"U.S. Census Bureau, 2024 ACS 5-year",Gross rent is at least 30% of household income; not-computed households excluded,Gross rent is at least 50% of household income; not-computed households excluded,Selected monthly owner costs are at least 30% of household income; not-computed households excluded,Selected monthly owner costs are at least 50% of household income; not-computed households excluded,Benchmark based on median one-bedroom gross rent divided by median household income; not an observed household burden rate,benchmark,ACS median household income for all households,benchmark,ACS median household income for all households,Benchmark comparing median selected monthly owner costs with median household income for all households; not an observed homeowner burden rate,2026,130900,52450,87450,139900,HUD values are regional benchmarks repeated for each jurisdiction.
2024,0636294,Imperial Beach,jurisdiction,2020–2024 ACS 5-year,25764.0,67.0,86111.0,9539.0,106268.0,0.81,81.0,857000.0,21864.0,6412.0,300.0,6112.0,3670.0,505.9,1654.0,327.0,60.05,27.06,1998.0,914.0,2912.0,746.0,125.0,871.0,207.7,258.0,91.0,349.0,112.1,29.91,11.98,37.34,13.68,12.91,9.96,1746.0,75.0,20952.0,24.33,2659.0,269.0,597.0,84.0,37.05,8.32,,,False,False,False,False,37.0%,8.3%,"$2,659",$597,ACS B01003,ACS B19013,ACS B25070,ACS B25091,ACS B25031,ACS B25077,ACS B25088,"U.S. Census Bureau, 2024 ACS 5-year",Gross rent is at least 30% of household income; not-computed households excluded,Gross rent is at least 50% of household income; not-computed households excluded,Selected monthly owner costs are at least 30% of household income; not-computed households excluded,Selected monthly owner costs are at least 50% of household income; not-computed households excluded,Benchmark based on median one-bedroom gross rent divided by median household income; not an observed household burden rate,benchmark,ACS median household income for all households,benchmark,ACS median household income for all households,Benchmark comparing median selected monthly owner costs with median household income for all households; not an observed homeowner burden rate,2026,130900,52450,87450,139900,HUD values are regional benchmarks repeated for each jurisdiction.
2024,0640004,La Mesa,jurisdiction,2020–2024 ACS 5-year,60797.0,45.0,95028.0,7968.0,106268.0,0.894,89.4,812000.0,16641.0,13105.0,515.0,12590.0,7653.0,859.0,3443.0,476.0,60.79,27.35,8315.0,3561.0,11876.0,2878.0,458.0,3336.0,469.0,1058.0,243.0,1301.0,236.1,28.09,10.95,34.61,12.86,12.72,6.82,1788.0,84.0,21456.0,22.58,2980.0,126.0,755.0,52.0,37.63,9.53,,,False,False,False,False,37.6%,9.5%,"$2,980",$755,ACS B01003,ACS B19013,ACS B25070,ACS B25091,ACS B25031,ACS B25077,ACS B25088,"U.S. Census Bureau, 2024 ACS 5-year",Gross rent is at least 30% of household income; not-computed households excluded,Gross rent is at least 50% of household income; not-computed households excluded,Selected monthly owner costs are at least 30% of household income; not-computed households excluded,Selected monthly owner costs are at least 50% of household income; not-computed households excluded,Benchmark based on median one-bedroom gross rent divided by median household income; not an observed household burden rate,benchmark,ACS median household income for all households,benchmark,ACS median household income for all households,Benchmark comparing median selected monthly owner costs with median household income for all households; not an observed homeowner burden rate,2026,130900,52450,87450,139900,HUD values are regional benchmarks repeated for each jurisdiction.
2024,0641124,Lemon Grove,jurisdiction,2020–2024 ACS 5-year,27686.0,39.0,88009.0,6740.0,106268.0,0.828,82.8,705400.0,30897.0,4301.0,105.0,4196.0,2594.0,434.2,1351.0,311.0,61.82,32.2,4037.0,713.0,4750.0,1770.0,92.0,1862.0,353.5,829.0,56.0,885.0,233.4,39.2,18.63,43.84,12.9,20.54,7.85,1379.0,128.0,16548.0,18.8,2538.0,202.0,615.0,51.0,34.61,8.39,,,False,False,False,False,34.6%,8.4%,"$2,538",$615,ACS B01003,ACS B19013,ACS B25070,ACS B25091,ACS B25031,ACS B25077,ACS B25088,"U.S. Census Bureau, 2024 ACS 5-year",Gross rent is at least 30% of household income; not-computed households excluded,Gross rent is at least 50% of household income; not-computed households excluded,Selected monthly owner costs are at least 30% of household income; not-computed households excluded,Selected monthly owner costs are at least 50% of household income; not-computed households excluded,Benchmark based on median one-bedroom gross rent divided by median household income; not an observed household burden rate,benchmark,ACS median household income for all households,benchmark,ACS median household income for all households,Benchmark comparing median selected monthly owner costs with median household income for all households; not an observed homeowner burden rate,2026,130900,52450,87450,139900,HUD values are regional benchmarks repeated for each jurisdiction.
2024,0650398,National City,jurisdiction,2020–2024 ACS 5-year,58893.0,61.0,66841.0,4798.0,106268.0,0.629,62.9,612200.0,12608.0,11887.0,337.0,11550.0,6944.0,725.5,3740.0,502.0,60.12,32.38,3761.0,2485.0,6246.0,1817.0,274.0,2091.0,389.2,968.0,182.0,1150.0,322.2,33.48,18.41,48.31,11.03,25.74,7.32,1486.0,95.0,17832.0,26.68,2446.0,124.0,515.0,41.0,43.91,9.25,,,False,False,False,False,43.9%,9.2%,"$2,446",$515,ACS B01003,ACS B19013,ACS B25070,ACS B25091,ACS B25031,ACS B25077,ACS B25088,"U.S. Census Bureau, 2024 ACS 5-year",Gross rent is at least 30% of household income; not-computed households excluded,Gross rent is at least 50% of household income; not-computed households excluded,Selected monthly owner costs are at least 30% of household income; not-computed households excluded,Selected monthly owner costs are at least 50% of household income; not-computed households excluded,Benchmark based on median one-bedroom gross rent divided by median household income; not an observed household burden rate,benchmark,ACS median household income for all households,benchmark,ACS median household income for all households,Benchmark comparing median selected monthly owner costs with median household income for all households; not an observed homeowner burden rate,2026,130900,52450,87450,139900,HUD values are regional benchmarks repeated for each jurisdiction.
2024,0653322,Oceanside,jurisdiction,2020–2024 ACS 5-year,172242.0,131.0,97737.0,4411.0,106268.0,0.92,92.0,770300.0,12686.0,25806.0,1193.0,24613.0,15089.0,1063.8,7232.0,721.0,61.31,29.38,24848.0,10981.0,35829.0,10163.0,1819.0,11982.0,876.2,4282.0,946.0,5228.0,594.8,33.44,14.59,40.9,16.56,17.23,8.61,1918.0,76.0,23016.0,23.55,2907.0,70.0,810.0,28.0,35.69,9.95,,,False,False,False,False,35.7%,9.9%,"$2,907",$810,ACS B01003,ACS B19013,ACS B25070,ACS B25091,ACS B25031,ACS B25077,ACS B25088,"U.S. Census Bureau, 2024 ACS 5-year",Gross rent is at least 30% of household income; not-computed households excluded,Gross rent is at least 50% of household income; not-computed households excluded,Selected monthly owner costs are at least 30% of household income; not-computed households excluded,Selected monthly owner costs are at least 50% of household income; not-computed households excluded,Benchmark based on median one-bedroom gross rent divided by median household income; not an observed household burden rate,benchmark,ACS median household income for all households,benchmark,ACS median household income for all households,Benchmark comparing median selected monthly owner costs with median household income for all households; not an observed homeowner burden rate,2026,130900,52450,87450,139900,HUD values are regional benchmarks repeated for each jurisdiction.
2024,0658520,Poway,jurisdiction,2020–2024 ACS 5-year,48713.0,102.0,148359.0,8311.0,106268.0,1.396,139.6,1034800.0,33198.0,4076.0,316.0,3760.0,2093.0,337.7,973.0,225.0,55.66,25.88,8892.0,3383.0,12275.0,2786.0,478.0,3264.0,370.0,1045.0,183.0,1228.0,237.1,26.59,10.0,31.33,14.13,11.75,5.41,1857.0,251.0,22284.0,15.02,3446.0,110.0,1082.0,123.0,27.87,8.75,,,False,False,False,False,27.9%,8.8%,"$3,446","$1,082",ACS B01003,ACS B19013,ACS B25070,ACS B25091,ACS B25031,ACS B25077,ACS B25088,"U.S. Census Bureau, 2024 ACS 5-year",Gross rent is at least 30% of household income; not-computed households excluded,Gross rent is at least 50% of household income; not-computed households excluded,Selected monthly owner costs are at least 30% of household income; not-computed households excluded,Selected monthly owner costs are at least 50% of household income; not-computed households excluded,Benchmark based on median one-bedroom gross rent divided by median household income; not an observed household burden rate,benchmark,ACS median household income for all households,benchmark,ACS median household income for all households,Benchmark comparing median selected monthly owner costs with median household income for all households; not an observed homeowner burden rate,2026,130900,52450,87450,139900,HUD values are regional benchmarks repeated for each jurisdiction.
2024,0666000,San Diego,jurisdiction,2020–2024 ACS 5-year,1389526.0,106.0,108077.0,1463.0,106268.0,1.017,101.7,906700.0,6879.0,279312.0,11192.0,268120.0,146615.0,2973.0,72827.0,1872.0,54.68,27.16,173734.0,75102.0,248836.0,65499.0,11639.0,77138.0,2265.6,28328.0,5903.0,34231.0,1662.1,31.0,13.76,37.7,15.5,16.31,7.86,1963.0,24.0,23556.0,21.8,3252.0,30.0,856.0,16.0,36.11,9.5,,,False,False,False,False,36.1%,9.5%,"$3,252",$856,ACS B01003,ACS B19013,ACS B25070,ACS B25091,ACS B25031,ACS B25077,ACS B25088,"U.S. Census Bureau, 2024 ACS 5-year",Gross rent is at least 30% of household income; not-computed households excluded,Gross rent is at least 50% of household income; not-computed households excluded,Selected monthly owner costs are at least 30% of household income; not-computed households excluded,Selected monthly owner costs are at least 50% of household income; not-computed households excluded,Benchmark based on median one-bedroom gross rent divided by median household income; not an observed household burden rate,benchmark,ACS median household income for all households,benchmark,ACS median household income for all households,Benchmark comparing median selected monthly owner costs with median household income for all households; not an observed homeowner burden rate,2026,130900,52450,87450,139900,HUD values are regional benchmarks repeated for each jurisdiction.
2024,0668196,San Marcos,jurisdiction,2020–2024 ACS 5-year,94882.0,68.0,109377.0,5003.0,106268.0,1.029,102.9,868000.0,26665.0,11374.0,317.0,11057.0,7016.0,728.1,3813.0,522.0,63.45,34.48,14646.0,5035.0,19681.0,5272.0,1187.0,6459.0,679.8,2486.0,741.0,3227.0,528.6,32.82,16.4,36.0,23.57,16.97,14.72,2041.0,145.0,24492.0,22.39,3357.0,126.0,903.0,59.0,36.83,9.91,,,False,False,False,False,36.8%,9.9%,"$3,357",$903,ACS B01003,ACS B19013,ACS B25070,ACS B25091,ACS B25031,ACS B25077,ACS B25088,"U.S. Census Bureau, 2024 ACS 5-year",Gross rent is at least 30% of household income; not-computed households excluded,Gross rent is at least 50% of household income; not-computed households excluded,Selected monthly owner costs are at least 30% of household income; not-computed households excluded,Selected monthly owner costs are at least 50% of household income; not-computed households excluded,Benchmark based on median one-bedroom gross rent divided by median household income; not an observed household burden rate,benchmark,ACS median household income for all households,benchmark,ACS median household income for all households,Benchmark comparing median selected monthly owner costs with median household income for all households; not an observed homeowner burden rate,2026,130900,52450,87450,139900,HUD values are regional benchmarks repeated for each jurisdiction.
2024,0670224,Santee,jurisdiction,2020–2024 ACS 5-year,59332.0,83.0,113394.0,5920.0,106268.0,1.067,106.7,727200.0,20435.0,5851.0,289.0,5562.0,3597.0,432.5,1719.0,283.0,64.67,30.91,10866.0,4376.0,15242.0,3644.0,865.0,4509.0,498.7,1419.0,456.0,1875.0,320.3,29.58,12.3,33.54,19.77,13.06,10.42,1752.0,121.0,21024.0,18.54,2901.0,77.0,868.0,41.0,30.7,9.19,,,False,False,False,False,30.7%,9.2%,"$2,901",$868,ACS B01003,ACS B19013,ACS B25070,ACS B25091,ACS B25031,ACS B25077,ACS B25088,"U.S. Census Bureau, 2024 ACS 5-year",Gross rent is at least 30% of household income; not-computed households excluded,Gross rent is at least 50% of household income; not-computed households excluded,Selected monthly owner costs are at least 30% of household income; not-computed households excluded,Selected monthly owner costs are at least 50% of household income; not-computed households excluded,Benchmark based on median one-bedroom gross rent divided by median household income; not an observed household burden rate,benchmark,ACS median household income for all households,benchmark,ACS median household income for all households,Benchmark comparing median selected monthly owner costs with median household income for all households; not an observed homeowner burden rate,2026,130900,52450,87450,139900,HUD values are regional benchmarks repeated for each jurisdiction.
2024,0672506,Solana Beach,jurisdiction,2020–2024 ACS 5-year,12823.0,31.0,152167.0,33424.0,106268.0,1.432,143.2,2000001.0,,1838.0,129.0,1709.0,906.0,258.6,592.0,224.0,53.01,34.64,2325.0,1492.0,3817.0,1054.0,508.0,1562.0,346.8,679.0,442.0,1121.0,323.4,40.92,29.37,45.33,34.05,29.2,29.62,2641.0,554.0,31692.0,20.83,4001.0,,1378.0,322.0,31.55,10.87,"4,000+",,True,False,True,False,≥31.6%,10.9%,"$4,000+","$1,378",ACS B01003,ACS B19013,ACS B25070,ACS B25091,ACS B25031,ACS B25077,ACS B25088,"U.S. Census Bureau, 2024 ACS 5-year",Gross rent is at least 30% of household income; not-computed households excluded,Gross rent is at least 50% of household income; not-computed households excluded,Selected monthly owner costs are at least 30% of household income; not-computed households excluded,Selected monthly owner costs are at least 50% of household income; not-computed households excluded,Benchmark based on median one-bedroom gross rent divided by median household income; not an observed household burden rate,benchmark,ACS median household income for all households,benchmark,ACS median household income for all households,Benchmark comparing median selected monthly owner costs with median household income for all households; not an observed homeowner burden rate,2026,130900,52450,87450,139900,HUD values are regional benchmarks repeated for each jurisdiction.
2024,0682996,Vista,jurisdiction,2020–2024 ACS 5-year,99114.0,94.0,94975.0,4768.0,106268.0,0.894,89.4,762400.0,21223.0,15620.0,515.0,15105.0,8996.0,785.4,5016.0,563.0,59.56,33.21,11929.0,4741.0,16670.0,4162.0,1157.0,5319.0,553.9,2054.0,423.0,2477.0,382.8,31.91,14.86,34.89,24.4,17.22,8.92,1924.0,82.0,23088.0,24.31,2865.0,83.0,803.0,41.0,36.2,10.15,,,False,False,False,False,36.2%,10.2%,"$2,865",$803,ACS B01003,ACS B19013,ACS B25070,ACS B25091,ACS B25031,ACS B25077,ACS B25088,"U.S. Census Bureau, 2024 ACS 5-year",Gross rent is at least 30% of household income; not-computed households excluded,Gross rent is at least 50% of household income; not-computed households excluded,Selected monthly owner costs are at least 30% of household income; not-computed households excluded,Selected monthly owner costs are at least 50% of household income; not-computed households excluded,Benchmark based on median one-bedroom gross rent divided by median household income; not an observed household burden rate,benchmark,ACS median household income for all households,benchmark,ACS median household income for all households,Benchmark comparing median selected monthly owner costs with median household income for all households; not an observed homeowner burden rate,2026,130900,52450,87450,139900,HUD values are regional benchmarks repeated for each jurisdiction.
