jurisdiction,federally_assisted_properties,federally_assisted_units_estimated_conservative,total_units_in_assisted_properties,properties_expiring_within_5_years,at_risk_assisted_units_estimated_conservative,units_in_expiring_properties
Carlsbad,16,1556,1627,3,169,264
Chula Vista,31,2607,2664,12,242,468
Coronado,4,98,99,0,0,0
Del Mar,0,0,0,0,0,0
El Cajon,19,1304,1376,4,247,344
Encinitas,4,103,104,0,0,0
Escondido,28,1735,1783,6,191,198
Imperial Beach,3,143,145,0,0,0
La Mesa,3,386,407,1,198,218
Lemon Grove,4,268,272,0,0,0
National City,13,1799,1814,4,412,418
Oceanside,21,1192,1471,4,71,143
Poway,11,732,742,1,10,56
San Diego,210,20103,21764,25,2066,2929
San Marcos,26,2457,2499,2,227,230
Santee,6,619,625,1,81,82
Solana Beach,0,0,0,0,0,0
Vista,18,692,702,3,53,97
Unincorporated San Diego County,24,1334,1374,3,66,204
