jurisdiction,program_name,expiring_subsidies,assisted_units_with_expiring_subsidy
Carlsbad,4% Tax Credit,2,167.0
Carlsbad,HOME,1,2.0
Chula Vista,4% Tax Credit,2,157.0
Chula Vista,9% Tax Credit,1,18.0
Chula Vista,HOME,9,67.0
El Cajon,4% Tax Credit,3,236.0
El Cajon,HOME,1,11.0
Escondido,4% Tax Credit,1,89.0
Escondido,HOME,5,102.0
La Mesa,Preservation,1,198.0
National City,4% Tax Credit,2,398.0
National City,HOME,2,14.0
Oceanside,HOME,3,15.0
Oceanside,Sec 8 NC,1,56.0
Poway,HOME,1,10.0
San Diego,4% Tax Credit,10,1257.0
San Diego,542(C) HFA RISK SHARING-RECENT COMP,1,47.0
San Diego,HOME,9,179.0
San Diego,LMSA,2,401.0
San Diego,Sec 8 NC,3,182.0
San Marcos,4% Tax Credit,1,190.0
San Marcos,514 Off-Farm,1,37.0
Santee,4% Tax Credit,1,81.0
Unincorporated San Diego County,HOME,2,44.0
Unincorporated San Diego County,LMSA,1,22.0
Vista,9% Tax Credit,1,28.0
Vista,HOME,2,25.0
