jur_clean,planning_period,rhna_target_total,units_reported_total,pct_achieved,units_remaining,cycle_label
ADELANTO,10/15/2013 - 10/15/2021,2840,140,0.04929577464788732,2700,RHNA5
AGOURA HILLS,10/15/2013 - 10/15/2021,115,62,0.5391304347826087,53,RHNA5
ALAMEDA,01/31/2015 - 01/31/2023,1723,2528,1.4672083575159605,-805,RHNA5
ALAMEDA COUNTY,01/31/2015 - 01/31/2023,1769,756,0.42736009044657997,1013,RHNA5
ALBANY,01/31/2015 - 01/31/2023,335,375,1.1194029850746268,-40,RHNA5
ALHAMBRA,10/15/2013 - 10/15/2021,1492,707,0.4738605898123324,785,RHNA5
ALISO VIEJO,10/15/2013 - 10/15/2021,39,1262,32.35897435897436,-1223,RHNA5
ALPINE COUNTY,06/30/2014 - 06/30/2019,30,17,0.5666666666666667,13,RHNA5
ALTURAS,06/30/2014 - 06/30/2019,5,9,1.8,-4,RHNA5
AMADOR,06/30/2014 - 09/15/2021,2,0,0.0,2,RHNA5
AMADOR COUNTY,06/30/2014 - 09/15/2021,49,95,1.9387755102040816,-46,RHNA5
AMERICAN CANYON,01/31/2015 - 01/31/2023,392,875,2.232142857142857,-483,RHNA5
ANAHEIM,10/15/2013 - 10/15/2021,5702,8809,1.5448965275341986,-3107,RHNA5
ANDERSON,06/30/2014 - 04/15/2020,136,222,1.6323529411764706,-86,RHNA5
ANGELS CAMP,06/30/2014 - 06/30/2019,161,108,0.6708074534161491,53,RHNA5
ANTIOCH,01/31/2015 - 01/31/2023,1448,2557,1.7658839779005524,-1109,RHNA5
APPLE VALLEY,10/15/2013 - 10/15/2021,3334,637,0.1910617876424715,2697,RHNA5
ARCADIA,10/15/2013 - 10/15/2021,1054,640,0.6072106261859582,414,RHNA5
ARCATA,06/30/2014 - 06/30/2019,363,364,1.002754820936639,-1,RHNA5
ARROYO GRANDE,06/30/2014 - 12/31/2020,242,192,0.7933884297520661,50,RHNA5
ARTESIA,10/15/2013 - 10/15/2021,120,111,0.925,9,RHNA5
ARVIN,12/31/2015 - 12/31/2023,1169,651,0.5568862275449101,518,RHNA5
ATASCADERO,06/30/2014 - 12/31/2020,393,713,1.8142493638676844,-320,RHNA5
ATHERTON,01/31/2015 - 01/31/2023,93,305,3.2795698924731185,-212,RHNA5
ATWATER,03/31/2016 - 03/31/2024,1765,506,0.28668555240793203,1259,RHNA5
AUBURN,10/31/2013 - 05/14/2021,308,174,0.564935064935065,134,RHNA5
AVALON,10/15/2013 - 10/15/2021,80,8,0.1,72,RHNA5
AVENAL,01/31/2016 - 01/31/2024,639,110,0.17214397496087636,529,RHNA5
AZUSA,10/15/2013 - 10/15/2021,779,1306,1.6765083440308088,-527,RHNA5
BAKERSFIELD,12/31/2015 - 12/31/2023,36290,17408,0.47969137503444476,18882,RHNA5
BALDWIN PARK,10/15/2013 - 10/15/2021,557,391,0.7019748653500898,166,RHNA5
BANNING,10/15/2013 - 10/15/2021,3792,10,0.0026371308016877636,3782,RHNA5
BARSTOW,10/15/2013 - 10/15/2021,843,31,0.036773428232502965,812,RHNA5
BEAUMONT,10/15/2013 - 10/15/2021,5250,4820,0.9180952380952381,430,RHNA5
BELL,10/15/2013 - 10/15/2021,47,155,3.297872340425532,-108,RHNA5
BELL GARDENS,10/15/2013 - 10/15/2021,46,165,3.5869565217391304,-119,RHNA5
BELLFLOWER,10/15/2013 - 10/15/2021,2,607,303.5,-605,RHNA5
BELMONT,01/31/2015 - 01/31/2023,468,750,1.6025641025641026,-282,RHNA5
BELVEDERE,01/31/2015 - 01/31/2023,16,12,0.75,4,RHNA5
BENICIA,01/31/2015 - 01/31/2023,327,46,0.14067278287461774,281,RHNA5
BERKELEY,01/31/2015 - 01/31/2023,2959,4368,1.4761743832375802,-1409,RHNA5
BEVERLY HILLS,10/15/2013 - 10/15/2021,3,271,90.33333333333333,-268,RHNA5
BIG BEAR LAKE,10/15/2013 - 10/15/2021,2,153,76.5,-151,RHNA5
BIGGS,06/15/2014 - 06/15/2022,184,57,0.30978260869565216,127,RHNA5
BISHOP,06/30/2014 - 04/30/2021,65,27,0.4153846153846154,38,RHNA5
BLUE LAKE,06/30/2014 - 06/30/2019,11,0,0.0,11,RHNA5
BLYTHE,10/15/2013 - 10/15/2021,402,24,0.05970149253731343,378,RHNA5
BRADBURY,10/15/2013 - 10/15/2021,2,2,1.0,0,RHNA5
BRAWLEY,10/15/2013 - 10/15/2021,3034,757,0.24950560316413975,2277,RHNA5
BREA,10/15/2013 - 10/15/2021,1851,2513,1.3576445164775797,-662,RHNA5
BRENTWOOD,01/31/2015 - 01/31/2023,760,3636,4.78421052631579,-2876,RHNA5
BRISBANE,01/31/2015 - 01/31/2023,83,99,1.1927710843373494,-16,RHNA5
BUELLTON,02/15/2015 - 02/15/2023,275,270,0.9818181818181818,5,RHNA5
BUENA PARK,10/15/2013 - 10/15/2021,339,681,2.0088495575221237,-342,RHNA5
BURBANK,10/15/2013 - 10/15/2021,2684,1081,0.4027570789865872,1603,RHNA5
BURLINGAME,01/31/2015 - 01/31/2023,863,1576,1.8261877172653533,-713,RHNA5
BUTTE COUNTY,06/15/2014 - 06/15/2022,2974,1226,0.41223940820443844,1748,RHNA5
CALABASAS,10/15/2013 - 10/15/2021,330,217,0.6575757575757576,113,RHNA5
CALAVERAS COUNTY,06/30/2014 - 06/30/2019,1079,836,0.7747914735866543,243,RHNA5
CALEXICO,10/15/2013 - 10/15/2021,3224,489,0.15167493796526055,2735,RHNA5
CALIFORNIA CITY,12/31/2015 - 12/31/2023,1266,102,0.08056872037914692,1164,RHNA5
CALIMESA,10/15/2013 - 10/15/2021,2341,1081,0.4617684750106792,1260,RHNA5
CALIPATRIA,10/15/2013 - 10/15/2021,144,2,0.013888888888888888,142,RHNA5
CALISTOGA,01/31/2015 - 01/31/2023,27,167,6.185185185185185,-140,RHNA5
CAMARILLO,10/15/2013 - 10/15/2021,2224,2798,1.2580935251798562,-574,RHNA5
CAMPBELL,01/31/2015 - 01/31/2023,933,636,0.6816720257234726,297,RHNA5
CANYON LAKE,10/15/2013 - 10/15/2021,83,42,0.5060240963855421,41,RHNA5
CAPITOLA,12/31/2015 - 12/31/2023,143,75,0.5244755244755245,68,RHNA5
CARLSBAD,04/30/2013 - 04/30/2021,4999,4225,0.8451690338067613,774,RHNA5
CARMEL,12/31/2015 - 12/31/2023,31,58,1.8709677419354838,-27,RHNA5
CARPINTERIA,02/15/2015 - 02/15/2023,163,230,1.4110429447852761,-67,RHNA5
CARSON,10/15/2013 - 10/15/2021,1698,652,0.3839811542991755,1046,RHNA5
CATHEDRAL,10/15/2013 - 10/15/2021,600,876,1.46,-276,RHNA5
CERES,12/31/2015 - 12/31/2023,2571,84,0.03267211201866978,2487,RHNA5
CERRITOS,10/15/2013 - 10/15/2021,86,361,4.1976744186046515,-275,RHNA5
CHICO,06/15/2014 - 06/15/2022,3963,4477,1.1296997224325007,-514,RHNA5
CHINO,10/15/2013 - 10/15/2021,2894,5179,1.7895646164478232,-2285,RHNA5
CHINO HILLS,10/15/2013 - 10/15/2021,862,2917,3.3839907192575405,-2055,RHNA5
CHOWCHILLA,01/31/2016 - 01/31/2024,0,161,,-161,RHNA5
CHULA VISTA,04/30/2013 - 04/30/2021,12861,10688,0.8310395770157841,2173,RHNA5
CITRUS HEIGHTS,10/31/2013 - 05/14/2021,696,515,0.7399425287356322,181,RHNA5
CLAREMONT,10/15/2013 - 10/15/2021,373,529,1.418230563002681,-156,RHNA5
CLAYTON,01/31/2015 - 01/31/2023,141,38,0.2695035460992908,103,RHNA5
CLEARLAKE,06/30/2014 - 06/30/2019,467,14,0.029978586723768737,453,RHNA5
CLOVERDALE,01/31/2015 - 01/31/2023,211,253,1.1990521327014219,-42,RHNA5
CLOVIS,12/31/2015 - 12/31/2023,6328,9917,1.5671618204804045,-3589,RHNA5
COACHELLA,10/15/2013 - 10/15/2021,6771,658,0.09717914635947422,6113,RHNA5
COALINGA,12/31/2015 - 12/31/2023,589,428,0.7266553480475382,161,RHNA5
COLFAX,10/31/2013 - 05/14/2021,51,48,0.9411764705882353,3,RHNA5
COLMA,01/31/2015 - 01/31/2023,59,75,1.271186440677966,-16,RHNA5
COLTON,10/15/2013 - 10/15/2021,1923,332,0.17264690587623505,1591,RHNA5
COLUSA,06/30/2014 - 12/31/2020,354,9,0.025423728813559324,345,RHNA5
COLUSA COUNTY,06/30/2014 - 12/31/2020,0,0,,0,RHNA5
COMMERCE,10/15/2013 - 10/15/2021,46,36,0.782608695652174,10,RHNA5
COMPTON,10/15/2013 - 10/15/2021,2,156,78.0,-154,RHNA5
CONCORD,01/31/2015 - 01/31/2023,3478,714,0.2052903967797585,2764,RHNA5
CONTRA COSTA COUNTY,01/31/2015 - 01/31/2023,1367,2666,1.950256035113387,-1299,RHNA5
CORCORAN,01/31/2016 - 01/31/2024,946,76,0.080338266384778,870,RHNA5
CORNING,06/30/2014 - 06/30/2019,176,17,0.09659090909090909,159,RHNA5
CORONA,10/15/2013 - 10/15/2021,770,2904,3.7714285714285714,-2134,RHNA5
CORONADO,04/30/2013 - 04/30/2021,50,386,7.72,-336,RHNA5
CORTE MADERA,01/31/2015 - 01/31/2023,72,300,4.166666666666667,-228,RHNA5
COSTA MESA,10/15/2013 - 10/15/2021,2,1172,586.0,-1170,RHNA5
COTATI,01/31/2015 - 01/31/2023,137,143,1.0437956204379562,-6,RHNA5
COVINA,10/15/2013 - 10/15/2021,230,179,0.7782608695652173,51,RHNA5
CRESCENT CITY,06/30/2014 - 09/15/2022,77,29,0.37662337662337664,48,RHNA5
CUDAHY,10/15/2013 - 10/15/2021,318,12,0.03773584905660377,306,RHNA5
CULVER CITY,10/15/2013 - 10/15/2021,185,749,4.048648648648649,-564,RHNA5
CUPERTINO,01/31/2015 - 01/31/2023,1064,555,0.5216165413533834,509,RHNA5
CYPRESS,10/15/2013 - 10/15/2021,308,674,2.188311688311688,-366,RHNA5
DALY CITY,01/31/2015 - 01/31/2023,1350,1545,1.1444444444444444,-195,RHNA5
DANA POINT,10/15/2013 - 10/15/2021,327,531,1.6238532110091743,-204,RHNA5
DANVILLE,01/31/2015 - 01/31/2023,557,627,1.125673249551167,-70,RHNA5
DAVIS,10/31/2013 - 05/14/2021,1066,1757,1.648217636022514,-691,RHNA5
DEL MAR,04/30/2013 - 04/30/2021,61,53,0.8688524590163934,8,RHNA5
DEL NORTE COUNTY,06/30/2014 - 09/15/2022,233,323,1.386266094420601,-90,RHNA5
DEL REY OAKS,12/31/2015 - 12/31/2023,27,8,0.2962962962962963,19,RHNA5
DELANO,12/31/2015 - 12/31/2023,1462,736,0.5034199726402189,726,RHNA5
DESERT HOT SPRINGS,10/15/2013 - 10/15/2021,4196,195,0.046472831267874166,4001,RHNA5
DIAMOND BAR,10/15/2013 - 10/15/2021,1146,350,0.3054101221640489,796,RHNA5
DINUBA,12/31/2015 - 12/31/2023,965,843,0.8735751295336788,122,RHNA5
DIXON,01/31/2015 - 01/31/2023,197,1189,6.035532994923858,-992,RHNA5
DORRIS,06/30/2014 - 02/15/2023,12,4,0.3333333333333333,8,RHNA5
DOS PALOS,03/31/2016 - 03/31/2024,269,3,0.011152416356877323,266,RHNA5
DOWNEY,10/15/2013 - 10/15/2021,814,636,0.7813267813267813,178,RHNA5
DUARTE,10/15/2013 - 10/15/2021,337,633,1.8783382789317506,-296,RHNA5
DUBLIN,01/31/2015 - 01/31/2023,2285,5133,2.2463894967177245,-2848,RHNA5
DUNSMUIR,06/30/2014 - 02/15/2023,23,4,0.17391304347826086,19,RHNA5
EAST PALO ALTO,01/31/2015 - 01/31/2023,467,262,0.5610278372591007,205,RHNA5
EASTVALE,10/15/2013 - 10/15/2021,1463,1876,1.2822966507177034,-413,RHNA5
EL CAJON,04/30/2013 - 04/30/2021,5805,746,0.1285099052540913,5059,RHNA5
EL CENTRO,10/15/2013 - 10/15/2021,1924,870,0.4521829521829522,1054,RHNA5
EL CERRITO,01/31/2015 - 01/31/2023,398,837,2.1030150753768844,-439,RHNA5
EL DORADO COUNTY,10/31/2013 - 05/14/2021,4428,5765,1.3019421860885276,-1337,RHNA5
EL MONTE,10/15/2013 - 10/15/2021,2142,1285,0.599906629318394,857,RHNA5
EL SEGUNDO,10/15/2013 - 10/15/2021,69,241,3.4927536231884058,-172,RHNA5
ELK GROVE,10/31/2013 - 05/14/2021,7402,5980,0.8078897595244529,1422,RHNA5
EMERYVILLE,01/31/2015 - 01/31/2023,1498,1321,0.8818424566088118,177,RHNA5
ENCINITAS,04/30/2013 - 04/30/2021,2353,1389,0.5903102422439439,964,RHNA5
ESCALON,12/31/2015 - 12/31/2023,425,46,0.10823529411764705,379,RHNA5
ESCONDIDO,04/30/2013 - 04/30/2021,4175,1873,0.44862275449101796,2302,RHNA5
ETNA,06/30/2014 - 02/15/2023,10,4,0.4,6,RHNA5
EUREKA,06/30/2014 - 06/30/2019,609,190,0.31198686371100165,419,RHNA5
EXETER,12/31/2015 - 12/31/2023,625,46,0.0736,579,RHNA5
FAIRFAX,01/31/2015 - 01/31/2023,61,147,2.4098360655737703,-86,RHNA5
FAIRFIELD,01/31/2015 - 01/31/2023,3100,4099,1.322258064516129,-999,RHNA5
FARMERSVILLE,12/31/2015 - 12/31/2023,466,165,0.3540772532188841,301,RHNA5
FERNDALE,06/30/2014 - 06/30/2019,21,9,0.42857142857142855,12,RHNA5
FILLMORE,10/15/2013 - 10/15/2021,694,455,0.6556195965417867,239,RHNA5
FIREBAUGH,12/31/2015 - 12/31/2023,712,211,0.29634831460674155,501,RHNA5
FOLSOM,10/31/2013 - 05/14/2021,4633,4996,1.0783509605007555,-363,RHNA5
FONTANA,10/15/2013 - 10/15/2021,5977,4145,0.6934917182533044,1832,RHNA5
FORT BRAGG,06/30/2014 - 06/30/2019,20,14,0.7,6,RHNA5
FORT JONES,06/30/2014 - 02/15/2023,9,4,0.4444444444444444,5,RHNA5
FORTUNA,06/30/2014 - 06/30/2019,161,45,0.2795031055900621,116,RHNA5
FOSTER CITY,01/31/2015 - 01/31/2023,430,916,2.130232558139535,-486,RHNA5
FOUNTAIN VALLEY,10/15/2013 - 10/15/2021,358,383,1.0698324022346368,-25,RHNA5
FOWLER,12/31/2015 - 12/31/2023,524,490,0.9351145038167938,34,RHNA5
FREMONT,01/31/2015 - 01/31/2023,5455,8360,1.532538955087076,-2905,RHNA5
FRESNO,12/31/2015 - 12/31/2023,23565,17621,0.7477615107150435,5944,RHNA5
FRESNO COUNTY,12/31/2015 - 12/31/2023,2722,1291,0.4742836149889787,1431,RHNA5
FULLERTON,10/15/2013 - 10/15/2021,1841,1775,0.9641499185225421,66,RHNA5
GALT,10/31/2013 - 05/14/2021,679,570,0.8394698085419735,109,RHNA5
GARDEN GROVE,10/15/2013 - 10/15/2021,747,1303,1.7443105756358768,-556,RHNA5
GARDENA,10/15/2013 - 10/15/2021,397,836,2.1057934508816123,-439,RHNA5
GILROY,01/31/2015 - 01/31/2023,1088,2611,2.3998161764705883,-1523,RHNA5
GLENDALE,10/15/2013 - 10/15/2021,2017,4286,2.1249380267724343,-2269,RHNA5
GLENDORA,10/15/2013 - 10/15/2021,686,636,0.9271137026239067,50,RHNA5
GLENN COUNTY,06/30/2014 - 11/30/2021,117,123,1.0512820512820513,-6,RHNA5
GOLETA,02/15/2015 - 02/15/2023,979,1424,1.4545454545454546,-445,RHNA5
GONZALES,12/31/2015 - 12/31/2023,293,16,0.05460750853242321,277,RHNA5
GRAND TERRACE,10/15/2013 - 10/15/2021,118,93,0.788135593220339,25,RHNA5
GRASS VALLEY,06/15/2014 - 06/30/2022,0,0,,0,RHNA5
GREENFIELD,12/31/2015 - 12/31/2023,363,605,1.6666666666666667,-242,RHNA5
GRIDLEY,06/15/2014 - 06/15/2022,769,78,0.10143042912873862,691,RHNA5
GROVER BEACH,06/30/2014 - 12/31/2020,165,159,0.9636363636363636,6,RHNA5
GUADALUPE,02/15/2015 - 02/15/2023,49,441,9.0,-392,RHNA5
GUSTINE,03/31/2016 - 03/31/2024,304,17,0.05592105263157895,287,RHNA5
HALF MOON BAY,01/31/2015 - 01/31/2023,240,218,0.9083333333333333,22,RHNA5
HANFORD,01/31/2016 - 01/31/2024,4832,1794,0.3712748344370861,3038,RHNA5
HAWAIIAN GARDENS,10/15/2013 - 10/15/2021,129,4,0.031007751937984496,125,RHNA5
HAWTHORNE,10/15/2013 - 10/15/2021,683,928,1.3587115666178624,-245,RHNA5
HAYWARD,01/31/2015 - 01/31/2023,3920,4191,1.0691326530612244,-271,RHNA5
HEALDSBURG,01/31/2015 - 01/31/2023,157,392,2.4968152866242037,-235,RHNA5
HEMET,10/15/2013 - 10/15/2021,604,1030,1.705298013245033,-426,RHNA5
HERCULES,01/31/2015 - 01/31/2023,682,749,1.098240469208211,-67,RHNA5
HERMOSA BEACH,10/15/2013 - 10/15/2021,2,98,49.0,-96,RHNA5
HESPERIA,10/15/2013 - 10/15/2021,1715,2178,1.2699708454810497,-463,RHNA5
HIDDEN HILLS,10/15/2013 - 10/15/2021,18,20,1.1111111111111112,-2,RHNA5
HIGHLAND,10/15/2013 - 10/15/2021,1500,395,0.2633333333333333,1105,RHNA5
HILLSBOROUGH,01/31/2015 - 01/31/2023,91,197,2.1648351648351647,-106,RHNA5
HOLLISTER,12/31/2015 - 12/31/2023,1316,1882,1.4300911854103344,-566,RHNA5
HOLTVILLE,10/15/2013 - 10/15/2021,209,56,0.2679425837320574,153,RHNA5
HUGHSON,12/31/2015 - 12/31/2023,218,140,0.6422018348623854,78,RHNA5
HUMBOLDT COUNTY,06/30/2014 - 06/30/2019,859,519,0.6041909196740396,340,RHNA5
HUNTINGTON BEACH,10/15/2013 - 10/15/2021,1353,399,0.29490022172949004,954,RHNA5
HUNTINGTON PARK,10/15/2013 - 10/15/2021,895,100,0.11173184357541899,795,RHNA5
HURON,12/31/2015 - 12/31/2023,424,229,0.5400943396226415,195,RHNA5
IMPERIAL,10/15/2013 - 10/15/2021,1309,988,0.7547746371275783,321,RHNA5
IMPERIAL BEACH,04/30/2013 - 04/30/2021,254,370,1.4566929133858268,-116,RHNA5
IMPERIAL COUNTY,10/15/2013 - 10/15/2021,6474,126,0.019462465245597776,6348,RHNA5
INDIAN WELLS,10/15/2013 - 10/15/2021,160,311,1.94375,-151,RHNA5
INDIO,10/15/2013 - 10/15/2021,3025,2804,0.9269421487603305,221,RHNA5
INDUSTRY,10/15/2013 - 10/15/2021,0,0,,0,RHNA5
INGLEWOOD,10/15/2013 - 10/15/2021,1013,165,0.16288252714708787,848,RHNA5
INYO COUNTY,06/30/2014 - 04/30/2021,160,57,0.35625,103,RHNA5
IONE,06/30/2014 - 09/15/2021,16,239,14.9375,-223,RHNA5
IRVINE,10/15/2013 - 10/15/2021,12149,33550,2.7615441600131696,-21401,RHNA5
IRWINDALE,10/15/2013 - 10/15/2021,15,20,1.3333333333333333,-5,RHNA5
ISLETON,10/31/2013 - 05/14/2021,23,0,0.0,23,RHNA5
JACKSON,06/30/2014 - 09/15/2021,19,73,3.8421052631578947,-54,RHNA5
JURUPA VALLEY,10/15/2013 - 10/15/2021,1712,1027,0.5998831775700935,685,RHNA5
KERMAN,12/31/2015 - 12/31/2023,909,511,0.5621562156215621,398,RHNA5
KERN COUNTY,12/31/2015 - 12/31/2023,21583,2741,0.12699810035676226,18842,RHNA5
KING CITY,12/31/2015 - 12/31/2023,180,378,2.1,-198,RHNA5
KINGS COUNTY,01/31/2016 - 01/31/2024,818,252,0.3080684596577017,566,RHNA5
KINGSBURG,12/31/2015 - 12/31/2023,374,376,1.0053475935828877,-2,RHNA5
LA CANADA FLINTRIDGE,10/15/2013 - 10/15/2021,112,94,0.8392857142857143,18,RHNA5
LA HABRA,10/15/2013 - 10/15/2021,4,592,148.0,-588,RHNA5
LA HABRA HEIGHTS,10/15/2013 - 10/15/2021,119,7,0.058823529411764705,112,RHNA5
LA MESA,04/30/2013 - 04/30/2021,1722,1877,1.0900116144018583,-155,RHNA5
LA MIRADA,10/15/2013 - 10/15/2021,235,32,0.13617021276595745,203,RHNA5
LA PALMA,10/15/2013 - 10/15/2021,9,13,1.4444444444444444,-4,RHNA5
LA PUENTE,10/15/2013 - 10/15/2021,818,222,0.2713936430317848,596,RHNA5
LA QUINTA,10/15/2013 - 10/15/2021,364,1347,3.7005494505494507,-983,RHNA5
LA VERNE,10/15/2013 - 10/15/2021,562,445,0.791814946619217,117,RHNA5
LAFAYETTE,01/31/2015 - 01/31/2023,400,701,1.7525,-301,RHNA5
LAGUNA BEACH,10/15/2013 - 10/15/2021,2,150,75.0,-148,RHNA5
LAGUNA HILLS,10/15/2013 - 10/15/2021,2,303,151.5,-301,RHNA5
LAGUNA NIGUEL,10/15/2013 - 10/15/2021,182,1732,9.516483516483516,-1550,RHNA5
LAGUNA WOODS,10/15/2013 - 10/15/2021,2,0,0.0,2,RHNA5
LAKE COUNTY,06/30/2014 - 06/30/2019,1456,63,0.04326923076923077,1393,RHNA5
LAKE ELSINORE,10/15/2013 - 10/15/2021,4929,2752,0.5583282613106106,2177,RHNA5
LAKE FOREST,10/15/2013 - 10/15/2021,2727,4302,1.5775577557755776,-1575,RHNA5
LAKEPORT,06/30/2014 - 06/30/2019,147,78,0.5306122448979592,69,RHNA5
LAKEWOOD,10/15/2013 - 10/15/2021,403,238,0.5905707196029777,165,RHNA5
LANCASTER,10/15/2013 - 10/15/2021,2510,1479,0.5892430278884462,1031,RHNA5
LARKSPUR,01/31/2015 - 01/31/2023,132,178,1.3484848484848484,-46,RHNA5
LASSEN COUNTY,06/30/2014 - 06/30/2019,40,0,0.0,40,RHNA5
LATHROP,12/31/2015 - 12/31/2023,5156,5071,0.9835143522110162,85,RHNA5
LAWNDALE,10/15/2013 - 10/15/2021,381,119,0.3123359580052493,262,RHNA5
LEMON GROVE,04/30/2013 - 04/30/2021,309,416,1.3462783171521036,-107,RHNA5
LEMOORE,01/31/2016 - 01/31/2024,2985,376,0.12596314907872697,2609,RHNA5
LINCOLN,10/31/2013 - 05/14/2021,3790,2511,0.662532981530343,1279,RHNA5
LINDSAY,12/31/2015 - 12/31/2023,590,248,0.42033898305084744,342,RHNA5
LIVE OAK,10/31/2013 - 05/14/2021,449,298,0.6636971046770601,151,RHNA5
LIVERMORE,01/31/2015 - 01/31/2023,2729,2417,0.8856724074752657,312,RHNA5
LIVINGSTON,03/31/2016 - 03/31/2024,1025,377,0.3678048780487805,648,RHNA5
LODI,12/31/2015 - 12/31/2023,1931,1787,0.9254272397721388,144,RHNA5
LOMA LINDA,10/15/2013 - 10/15/2021,1095,490,0.4474885844748858,605,RHNA5
LOMITA,10/15/2013 - 10/15/2021,47,370,7.872340425531915,-323,RHNA5
LOMPOC,02/15/2015 - 02/15/2023,526,65,0.12357414448669202,461,RHNA5
LONG BEACH,10/15/2013 - 10/15/2021,7048,5202,0.7380817253121453,1846,RHNA5
LOOMIS,10/31/2013 - 05/14/2021,154,53,0.34415584415584416,101,RHNA5
LOS ALAMITOS,10/15/2013 - 10/15/2021,61,81,1.3278688524590163,-20,RHNA5
LOS ALTOS,01/31/2015 - 01/31/2023,477,680,1.4255765199161425,-203,RHNA5
LOS ALTOS HILLS,01/31/2015 - 01/31/2023,121,241,1.9917355371900827,-120,RHNA5
LOS ANGELES,10/15/2013 - 10/15/2021,82002,144603,1.7634082095558645,-62601,RHNA5
LOS ANGELES COUNTY,10/15/2013 - 10/15/2021,27257,9201,0.3375646622885864,18056,RHNA5
LOS BANOS,03/31/2016 - 03/31/2024,2480,1916,0.7725806451612903,564,RHNA5
LOS GATOS,01/31/2015 - 01/31/2023,619,692,1.1179321486268174,-73,RHNA5
LOYALTON,10/31/2013 - 05/14/2021,0,0,,0,RHNA5
LYNWOOD,10/15/2013 - 10/15/2021,494,31,0.06275303643724696,463,RHNA5
MADERA,01/31/2016 - 01/31/2024,6099,2123,0.3480898507952123,3976,RHNA5
MADERA COUNTY,01/31/2016 - 01/31/2024,5682,3575,0.6291798662442801,2107,RHNA5
MALIBU,10/15/2013 - 10/15/2021,2,107,53.5,-105,RHNA5
MAMMOTH LAKES,06/30/2014 - 06/30/2019,74,109,1.472972972972973,-35,RHNA5
MANHATTAN BEACH,10/15/2013 - 10/15/2021,38,441,11.605263157894736,-403,RHNA5
MANTECA,12/31/2015 - 12/31/2023,4401,6814,1.5482844807998182,-2413,RHNA5
MARICOPA,12/31/2015 - 12/31/2023,36,0,0.0,36,RHNA5
MARIN COUNTY,01/31/2015 - 01/31/2023,185,427,2.308108108108108,-242,RHNA5
MARINA,12/31/2015 - 12/31/2023,1308,1060,0.8103975535168195,248,RHNA5
MARIPOSA COUNTY,06/30/2014 - 06/30/2019,995,243,0.2442211055276382,752,RHNA5
MARTINEZ,01/31/2015 - 01/31/2023,469,165,0.35181236673773986,304,RHNA5
MARYSVILLE,10/31/2013 - 05/14/2021,72,86,1.1944444444444444,-14,RHNA5
MAYWOOD,10/15/2013 - 10/15/2021,53,36,0.6792452830188679,17,RHNA5
MCFARLAND,12/31/2015 - 12/31/2023,311,194,0.6237942122186495,117,RHNA5
MENDOCINO COUNTY,06/30/2014 - 06/30/2019,168,543,3.232142857142857,-375,RHNA5
MENDOTA,12/31/2015 - 12/31/2023,554,283,0.5108303249097473,271,RHNA5
MENIFEE,10/15/2013 - 10/15/2021,6245,6630,1.0616493194555645,-385,RHNA5
MENLO PARK,01/31/2015 - 01/31/2023,655,2349,3.5862595419847327,-1694,RHNA5
MERCED,03/31/2016 - 03/31/2024,5551,4434,0.7987749954963069,1117,RHNA5
MERCED COUNTY,03/31/2016 - 03/31/2024,4456,963,0.21611310592459604,3493,RHNA5
MILL VALLEY,01/31/2015 - 01/31/2023,129,186,1.441860465116279,-57,RHNA5
MILLBRAE,01/31/2015 - 01/31/2023,663,461,0.6953242835595776,202,RHNA5
MILPITAS,01/31/2015 - 01/31/2023,3290,4143,1.2592705167173253,-853,RHNA5
MISSION VIEJO,10/15/2013 - 10/15/2021,177,1022,5.7740112994350286,-845,RHNA5
MODESTO,12/31/2015 - 12/31/2023,6361,2660,0.4181732432007546,3701,RHNA5
MODOC COUNTY,06/30/2014 - 06/30/2019,10,42,4.2,-32,RHNA5
MONO COUNTY,06/30/2014 - 06/30/2019,46,121,2.630434782608696,-75,RHNA5
MONROVIA,10/15/2013 - 10/15/2021,389,859,2.2082262210796917,-470,RHNA5
MONTAGUE,06/30/2014 - 02/15/2023,19,2,0.10526315789473684,17,RHNA5
MONTCLAIR,10/15/2013 - 10/15/2021,697,731,1.048780487804878,-34,RHNA5
MONTE SERENO,01/31/2015 - 01/31/2023,61,165,2.7049180327868854,-104,RHNA5
MONTEBELLO,10/15/2013 - 10/15/2021,1066,22,0.020637898686679174,1044,RHNA5
MONTEREY,12/31/2015 - 12/31/2023,650,161,0.24769230769230768,489,RHNA5
MONTEREY COUNTY,12/31/2015 - 12/31/2023,1551,2226,1.435203094777563,-675,RHNA5
MONTEREY PARK,10/15/2013 - 10/15/2021,815,104,0.1276073619631902,711,RHNA5
MOORPARK,10/15/2013 - 10/15/2021,1164,662,0.5687285223367697,502,RHNA5
MORAGA,01/31/2015 - 01/31/2023,229,137,0.5982532751091703,92,RHNA5
MORENO VALLEY,10/15/2013 - 10/15/2021,6169,2696,0.437023828821527,3473,RHNA5
MORGAN HILL,01/31/2015 - 01/31/2023,928,3264,3.5172413793103448,-2336,RHNA5
MORRO BAY,06/30/2014 - 12/31/2020,155,66,0.4258064516129032,89,RHNA5
MOUNT SHASTA,06/30/2014 - 02/15/2023,45,27,0.6,18,RHNA5
MOUNTAIN VIEW,01/31/2015 - 01/31/2023,2926,6361,2.1739576213260423,-3435,RHNA5
MURRIETA,10/15/2013 - 10/15/2021,1573,1766,1.12269548633185,-193,RHNA5
NAPA,01/31/2015 - 01/31/2023,835,1754,2.1005988023952096,-919,RHNA5
NAPA COUNTY,01/31/2015 - 01/31/2023,180,225,1.25,-45,RHNA5
NATIONAL CITY,04/30/2013 - 04/30/2021,1863,1166,0.6258722490606549,697,RHNA5
NEEDLES,10/15/2013 - 10/15/2021,181,39,0.2154696132596685,142,RHNA5
NEVADA CITY,10/31/2013 - 05/14/2021,0,0,,0,RHNA5
NEVADA COUNTY,10/31/2013 - 05/14/2021,0,0,,0,RHNA5
NEWARK,01/31/2015 - 01/31/2023,1078,2416,2.241187384044527,-1338,RHNA5
NEWMAN,12/31/2015 - 12/31/2023,778,107,0.13753213367609254,671,RHNA5
NEWPORT BEACH,10/15/2013 - 10/15/2021,5,1927,385.4,-1922,RHNA5
NORCO,10/15/2013 - 10/15/2021,818,11,0.013447432762836185,807,RHNA5
NORWALK,10/15/2013 - 10/15/2021,201,408,2.029850746268657,-207,RHNA5
NOVATO,01/31/2015 - 01/31/2023,415,534,1.2867469879518072,-119,RHNA5
OAKDALE,12/31/2015 - 12/31/2023,1247,705,0.5653568564554932,542,RHNA5
OAKLAND,01/31/2015 - 01/31/2023,14765,18709,1.2671181848967152,-3944,RHNA5
OAKLEY,01/31/2015 - 01/31/2023,1168,2909,2.4905821917808217,-1741,RHNA5
OCEANSIDE,04/30/2013 - 04/30/2021,6210,2043,0.3289855072463768,4167,RHNA5
OJAI,10/15/2013 - 10/15/2021,371,101,0.2722371967654987,270,RHNA5
ONTARIO,10/15/2013 - 10/15/2021,10861,9158,0.8432004419482553,1703,RHNA5
ORANGE,10/15/2013 - 10/15/2021,363,2083,5.738292011019284,-1720,RHNA5
ORANGE COUNTY,10/15/2013 - 10/15/2021,5272,6247,1.184939301972686,-975,RHNA5
ORANGE COVE,12/31/2015 - 12/31/2023,669,122,0.18236173393124067,547,RHNA5
ORINDA,01/31/2015 - 01/31/2023,227,430,1.894273127753304,-203,RHNA5
ORLAND,06/30/2014 - 11/30/2021,80,145,1.8125,-65,RHNA5
OROVILLE,06/15/2014 - 06/15/2022,1793,871,0.4857780256553263,922,RHNA5
OXNARD,10/15/2013 - 10/15/2021,7301,2989,0.40939597315436244,4312,RHNA5
PACIFIC GROVE,12/31/2015 - 12/31/2023,115,222,1.9304347826086956,-107,RHNA5
PACIFICA,01/31/2015 - 01/31/2023,413,214,0.5181598062953995,199,RHNA5
PALM DESERT,10/15/2013 - 10/15/2021,413,681,1.6489104116222761,-268,RHNA5
PALM SPRINGS,10/15/2013 - 10/15/2021,272,1521,5.591911764705882,-1249,RHNA5
PALMDALE,10/15/2013 - 10/15/2021,5458,902,0.16526200073286917,4556,RHNA5
PALO ALTO,01/31/2015 - 01/31/2023,1988,970,0.4879275653923541,1018,RHNA5
PALOS VERDES ESTATES,10/15/2013 - 10/15/2021,16,49,3.0625,-33,RHNA5
PARADISE,06/15/2014 - 06/15/2022,637,2137,3.3547880690737832,-1500,RHNA5
PARAMOUNT,10/15/2013 - 10/15/2021,105,141,1.3428571428571427,-36,RHNA5
PARLIER,12/31/2015 - 12/31/2023,588,262,0.445578231292517,326,RHNA5
PASADENA,10/15/2013 - 10/15/2021,1332,3608,2.7087087087087087,-2276,RHNA5
PASO ROBLES,06/30/2014 - 12/31/2020,493,723,1.4665314401622718,-230,RHNA5
PATTERSON,12/31/2015 - 12/31/2023,2491,0,0.0,2491,RHNA5
PERRIS,10/15/2013 - 10/15/2021,4280,1945,0.4544392523364486,2335,RHNA5
PETALUMA,01/31/2015 - 01/31/2023,745,1773,2.3798657718120806,-1028,RHNA5
PICO RIVERA,10/15/2013 - 10/15/2021,850,137,0.16117647058823528,713,RHNA5
PIEDMONT,01/31/2015 - 01/31/2023,60,128,2.1333333333333333,-68,RHNA5
PINOLE,01/31/2015 - 01/31/2023,297,214,0.7205387205387206,83,RHNA5
PISMO BEACH,06/30/2014 - 12/31/2020,153,301,1.9673202614379084,-148,RHNA5
PITTSBURG,01/31/2015 - 01/31/2023,2025,1942,0.9590123456790124,83,RHNA5
PLACENTIA,10/15/2013 - 10/15/2021,492,949,1.9288617886178863,-457,RHNA5
PLACER COUNTY,10/31/2013 - 05/14/2021,5031,3719,0.7392168554959253,1312,RHNA5
PLACERVILLE,10/31/2013 - 05/14/2021,372,210,0.5645161290322581,162,RHNA5
PLEASANT HILL,01/31/2015 - 01/31/2023,448,220,0.49107142857142855,228,RHNA5
PLEASANTON,01/31/2015 - 01/31/2023,2067,2089,1.0106434446057087,-22,RHNA5
PLUMAS COUNTY,06/30/2014 - 06/30/2019,57,134,2.3508771929824563,-77,RHNA5
PLYMOUTH,06/30/2014 - 09/15/2021,4,46,11.5,-42,RHNA5
POINT ARENA,06/30/2014 - 06/30/2019,4,10,2.5,-6,RHNA5
POMONA,10/15/2013 - 10/15/2021,3626,1401,0.3863761720904578,2225,RHNA5
PORT HUENEME,10/15/2013 - 10/15/2021,2,15,7.5,-13,RHNA5
PORTERVILLE,12/31/2015 - 12/31/2023,3196,912,0.2853566958698373,2284,RHNA5
PORTOLA,06/30/2014 - 06/30/2019,13,1,0.07692307692307693,12,RHNA5
PORTOLA VALLEY,01/31/2015 - 01/31/2023,64,74,1.15625,-10,RHNA5
POWAY,04/30/2013 - 04/30/2021,1253,423,0.3375897845171588,830,RHNA5
RANCHO CORDOVA,10/31/2013 - 05/14/2021,7008,3667,0.5232591324200914,3341,RHNA5
RANCHO CUCAMONGA,10/15/2013 - 10/15/2021,848,3121,3.6804245283018866,-2273,RHNA5
RANCHO MIRAGE,10/15/2013 - 10/15/2021,95,766,8.063157894736841,-671,RHNA5
RANCHO PALOS VERDES,10/15/2013 - 10/15/2021,31,137,4.419354838709677,-106,RHNA5
RANCHO SANTA MARGARITA,10/15/2013 - 10/15/2021,2,38,19.0,-36,RHNA5
RED BLUFF,06/30/2014 - 06/30/2019,323,75,0.23219814241486067,248,RHNA5
REDDING,06/30/2014 - 04/15/2020,1175,1216,1.0348936170212766,-41,RHNA5
REDLANDS,10/15/2013 - 10/15/2021,2429,1024,0.4215726636475916,1405,RHNA5
REDONDO BEACH,10/15/2013 - 10/15/2021,1397,618,0.4423765211166786,779,RHNA5
REDWOOD CITY,01/31/2015 - 01/31/2023,2789,3231,1.1584797418429544,-442,RHNA5
REEDLEY,12/31/2015 - 12/31/2023,1311,648,0.494279176201373,663,RHNA5
RIALTO,10/15/2013 - 10/15/2021,2715,594,0.21878453038674034,2121,RHNA5
RICHMOND,01/31/2015 - 01/31/2023,2435,1534,0.6299794661190965,901,RHNA5
RIDGECREST,12/31/2015 - 12/31/2023,1345,263,0.19553903345724907,1082,RHNA5
RIO DELL,06/30/2014 - 06/30/2019,31,1,0.03225806451612903,30,RHNA5
RIO VISTA,01/31/2015 - 01/31/2023,299,760,2.5418060200668897,-461,RHNA5
RIPON,12/31/2015 - 12/31/2023,1480,537,0.36283783783783785,943,RHNA5
RIVERBANK,12/31/2015 - 12/31/2023,1280,504,0.39375,776,RHNA5
RIVERSIDE,10/15/2013 - 10/15/2021,8283,2436,0.29409634190510686,5847,RHNA5
RIVERSIDE COUNTY,10/15/2013 - 10/15/2021,30303,10767,0.3553113553113553,19536,RHNA5
ROCKLIN,10/31/2013 - 05/14/2021,3813,4805,1.2601626016260163,-992,RHNA5
ROHNERT PARK,01/31/2015 - 01/31/2023,899,2108,2.3448275862068964,-1209,RHNA5
ROLLING HILLS,10/15/2013 - 10/15/2021,6,3,0.5,3,RHNA5
ROLLING HILLS ESTATES,10/15/2013 - 10/15/2021,5,443,88.6,-438,RHNA5
ROSEMEAD,10/15/2013 - 10/15/2021,602,417,0.6926910299003323,185,RHNA5
ROSEVILLE,10/31/2013 - 05/14/2021,8478,10439,1.231304552960604,-1961,RHNA5
ROSS,01/31/2015 - 01/31/2023,18,22,1.2222222222222223,-4,RHNA5
SACRAMENTO,10/31/2013 - 05/14/2021,24101,18952,0.7863574125554956,5149,RHNA5
SACRAMENTO COUNTY,10/31/2013 - 05/14/2021,13844,5655,0.40848020803236057,8189,RHNA5
SAINT HELENA,01/31/2015 - 01/31/2023,31,150,4.838709677419355,-119,RHNA5
SALINAS,12/31/2015 - 12/31/2023,2229,1507,0.6760879318079857,722,RHNA5
SAN ANSELMO,01/31/2015 - 01/31/2023,106,181,1.7075471698113207,-75,RHNA5
SAN BENITO COUNTY,12/31/2015 - 12/31/2023,837,1088,1.2998805256869772,-251,RHNA5
SAN BERNARDINO,10/15/2013 - 10/15/2021,4384,499,0.11382299270072993,3885,RHNA5
SAN BERNARDINO COUNTY,10/15/2013 - 10/15/2021,39,3780,96.92307692307692,-3741,RHNA5
SAN BRUNO,01/31/2015 - 01/31/2023,1155,373,0.3229437229437229,782,RHNA5
SAN CARLOS,01/31/2015 - 01/31/2023,596,682,1.1442953020134228,-86,RHNA5
SAN CLEMENTE,10/15/2013 - 10/15/2021,581,881,1.5163511187607572,-300,RHNA5
SAN DIEGO,04/30/2013 - 04/30/2021,88096,44535,0.5055280602978569,43561,RHNA5
SAN DIEGO COUNTY,04/30/2013 - 04/30/2021,22412,6762,0.3017133678386579,15650,RHNA5
SAN DIMAS,10/15/2013 - 10/15/2021,463,103,0.2224622030237581,360,RHNA5
SAN FERNANDO,10/15/2013 - 10/15/2021,217,413,1.903225806451613,-196,RHNA5
SAN FRANCISCO,01/31/2015 - 01/31/2023,28869,32397,1.1222072118881845,-3528,RHNA5
SAN GABRIEL,10/15/2013 - 10/15/2021,930,524,0.5634408602150538,406,RHNA5
SAN JACINTO,10/15/2013 - 10/15/2021,2433,1133,0.46568023016851623,1300,RHNA5
SAN JOAQUIN,12/31/2015 - 12/31/2023,378,19,0.05026455026455026,359,RHNA5
SAN JOAQUIN COUNTY,12/31/2015 - 12/31/2023,10167,4473,0.43995278843316615,5694,RHNA5
SAN JOSE,01/31/2015 - 01/31/2023,35080,22183,0.6323546180159635,12897,RHNA5
SAN JUAN BAUTISTA,12/31/2015 - 12/31/2023,41,7,0.17073170731707318,34,RHNA5
SAN JUAN CAPISTRANO,10/15/2013 - 10/15/2021,638,827,1.2962382445141065,-189,RHNA5
SAN LEANDRO,01/31/2015 - 01/31/2023,2287,670,0.2929602098819414,1617,RHNA5
SAN LUIS OBISPO,06/30/2014 - 12/31/2020,1143,1565,1.3692038495188101,-422,RHNA5
SAN LUIS OBISPO COUNTY,06/30/2014 - 12/31/2020,1347,2211,1.641425389755011,-864,RHNA5
SAN MARCOS,04/30/2013 - 04/30/2021,4183,4209,1.0062156347119293,-26,RHNA5
SAN MARINO,10/15/2013 - 10/15/2021,2,70,35.0,-68,RHNA5
SAN MATEO,01/31/2015 - 01/31/2023,3100,2595,0.8370967741935483,505,RHNA5
SAN MATEO COUNTY,01/31/2015 - 01/31/2023,913,994,1.0887185104052575,-81,RHNA5
SAN PABLO,01/31/2015 - 01/31/2023,449,164,0.36525612472160357,285,RHNA5
SAN RAFAEL,01/31/2015 - 01/31/2023,1007,559,0.5551142005958292,448,RHNA5
SAN RAMON,01/31/2015 - 01/31/2023,1417,3033,2.140437544107269,-1616,RHNA5
SAND CITY,12/31/2015 - 12/31/2023,55,8,0.14545454545454545,47,RHNA5
SANGER,12/31/2015 - 12/31/2023,1218,205,0.1683087027914614,1013,RHNA5
SANTA ANA,10/15/2013 - 10/15/2021,204,5466,26.794117647058822,-5262,RHNA5
SANTA BARBARA,02/15/2015 - 02/15/2023,4100,1832,0.44682926829268294,2268,RHNA5
SANTA BARBARA COUNTY,02/15/2015 - 02/15/2023,661,2065,3.124054462934947,-1404,RHNA5
SANTA CLARA,01/31/2015 - 01/31/2023,4093,8137,1.9880283410701196,-4044,RHNA5
SANTA CLARA COUNTY,01/31/2015 - 01/31/2023,277,3284,11.855595667870036,-3007,RHNA5
SANTA CLARITA,10/15/2013 - 10/15/2021,10981,4529,0.4124396685183499,6452,RHNA5
SANTA CRUZ,12/31/2015 - 12/31/2023,747,1878,2.5140562248995986,-1131,RHNA5
SANTA CRUZ COUNTY,12/31/2015 - 12/31/2023,1314,1205,0.9170471841704718,109,RHNA5
SANTA FE SPRINGS,10/15/2013 - 10/15/2021,324,369,1.1388888888888888,-45,RHNA5
SANTA MARIA,02/15/2015 - 02/15/2023,4102,3868,0.9429546562652364,234,RHNA5
SANTA MONICA,10/15/2013 - 10/15/2021,1674,3167,1.8918757467144565,-1493,RHNA5
SANTA PAULA,10/15/2013 - 10/15/2021,1285,17,0.013229571984435798,1268,RHNA5
SANTA ROSA,01/31/2015 - 01/31/2023,5083,5117,1.0066889632107023,-34,RHNA5
SANTEE,04/30/2013 - 04/30/2021,3660,1454,0.39726775956284155,2206,RHNA5
SARATOGA,01/31/2015 - 01/31/2023,439,375,0.8542141230068337,64,RHNA5
SAUSALITO,01/31/2015 - 01/31/2023,79,102,1.2911392405063291,-23,RHNA5
SCOTTS VALLEY,12/31/2015 - 12/31/2023,140,238,1.7,-98,RHNA5
SEAL BEACH,10/15/2013 - 10/15/2021,2,38,19.0,-36,RHNA5
SEASIDE,12/31/2015 - 12/31/2023,393,213,0.5419847328244275,180,RHNA5
SEBASTOPOL,01/31/2015 - 01/31/2023,120,137,1.1416666666666666,-17,RHNA5
SELMA,12/31/2015 - 12/31/2023,605,232,0.3834710743801653,373,RHNA5
SHAFTER,12/31/2015 - 12/31/2023,2036,1974,0.9695481335952849,62,RHNA5
SHASTA COUNTY,06/30/2014 - 04/15/2020,755,494,0.6543046357615894,261,RHNA5
SHASTA LAKE,06/30/2014 - 04/15/2020,134,178,1.328358208955224,-44,RHNA5
SIERRA COUNTY,10/31/2013 - 05/14/2021,0,0,,0,RHNA5
SIERRA MADRE,10/15/2013 - 10/15/2021,55,104,1.8909090909090909,-49,RHNA5
SIGNAL HILL,10/15/2013 - 10/15/2021,169,148,0.8757396449704142,21,RHNA5
SIMI VALLEY,10/15/2013 - 10/15/2021,1256,783,0.6234076433121019,473,RHNA5
SISKIYOU COUNTY,06/30/2014 - 02/15/2023,258,93,0.36046511627906974,165,RHNA5
SOLANA BEACH,04/30/2013 - 04/30/2021,340,83,0.24411764705882352,257,RHNA5
SOLANO COUNTY,01/31/2015 - 01/31/2023,103,368,3.5728155339805827,-265,RHNA5
SOLEDAD,12/31/2015 - 12/31/2023,191,362,1.8952879581151831,-171,RHNA5
SOLVANG,02/15/2015 - 02/15/2023,175,143,0.8171428571428572,32,RHNA5
SONOMA,01/31/2015 - 01/31/2023,137,194,1.416058394160584,-57,RHNA5
SONOMA COUNTY,01/31/2015 - 01/31/2023,515,2610,5.067961165048544,-2095,RHNA5
SONORA,06/30/2014 - 06/30/2019,100,28,0.28,72,RHNA5
SOUTH EL MONTE,10/15/2013 - 10/15/2021,172,227,1.319767441860465,-55,RHNA5
SOUTH GATE,10/15/2013 - 10/15/2021,1262,969,0.7678288431061807,293,RHNA5
SOUTH LAKE TAHOE,06/15/2014 - 06/30/2022,336,175,0.5208333333333334,161,RHNA5
SOUTH PASADENA,10/15/2013 - 10/15/2021,63,135,2.142857142857143,-72,RHNA5
SOUTH SAN FRANCISCO,01/31/2015 - 01/31/2023,1864,1522,0.8165236051502146,342,RHNA5
STANISLAUS COUNTY,12/31/2015 - 12/31/2023,2241,1032,0.4605087014725569,1209,RHNA5
STANTON,10/15/2013 - 10/15/2021,313,522,1.6677316293929711,-209,RHNA5
STOCKTON,12/31/2015 - 12/31/2023,11824,3866,0.3269621109607578,7958,RHNA5
SUISUN CITY,01/31/2015 - 01/31/2023,505,336,0.6653465346534654,169,RHNA5
SUNNYVALE,01/31/2015 - 01/31/2023,5452,5529,1.0141232575201762,-77,RHNA5
SUSANVILLE,06/30/2014 - 06/30/2019,30,0,0.0,30,RHNA5
SUTTER COUNTY,10/31/2013 - 05/14/2021,335,130,0.3880597014925373,205,RHNA5
SUTTER CREEK,06/30/2014 - 09/15/2021,10,40,4.0,-30,RHNA5
TAFT,12/31/2015 - 12/31/2023,254,74,0.29133858267716534,180,RHNA5
TEHACHAPI,12/31/2015 - 12/31/2023,495,40,0.08080808080808081,455,RHNA5
TEHAMA,06/30/2014 - 06/30/2019,10,0,0.0,10,RHNA5
TEHAMA COUNTY,06/30/2014 - 06/30/2019,486,272,0.5596707818930041,214,RHNA5
TEMECULA,10/15/2013 - 10/15/2021,1493,2196,1.4708640321500335,-703,RHNA5
TEMPLE CITY,10/15/2013 - 10/15/2021,603,736,1.220563847429519,-133,RHNA5
THOUSAND OAKS,10/15/2013 - 10/15/2021,192,774,4.03125,-582,RHNA5
TIBURON,01/31/2015 - 01/31/2023,78,28,0.358974358974359,50,RHNA5
TORRANCE,10/15/2013 - 10/15/2021,1450,395,0.27241379310344827,1055,RHNA5
TRACY,12/31/2015 - 12/31/2023,4976,5452,1.0956591639871383,-476,RHNA5
TRINIDAD,06/30/2014 - 06/30/2019,5,2,0.4,3,RHNA5
TRINITY COUNTY,06/30/2014 - 06/30/2019,10,103,10.3,-93,RHNA5
TRUCKEE,06/15/2014 - 06/30/2022,0,0,,0,RHNA5
TULARE,12/31/2015 - 12/31/2023,3594,3807,1.0592654424040067,-213,RHNA5
TULARE COUNTY,12/31/2015 - 12/31/2023,7081,1621,0.22892246857788448,5460,RHNA5
TULELAKE,06/30/2014 - 02/15/2023,13,0,0.0,13,RHNA5
TUOLUMNE COUNTY,06/30/2014 - 06/30/2019,450,119,0.2644444444444444,331,RHNA5
TURLOCK,12/31/2015 - 12/31/2023,3618,1438,0.3974571586511885,2180,RHNA5
TUSTIN,10/15/2013 - 10/15/2021,1227,1670,1.361043194784026,-443,RHNA5
TWENTYNINE PALMS,10/15/2013 - 10/15/2021,454,89,0.1960352422907489,365,RHNA5
UKIAH,06/30/2014 - 06/30/2019,45,145,3.2222222222222223,-100,RHNA5
UNION CITY,01/31/2015 - 01/31/2023,1106,496,0.4484629294755877,610,RHNA5
UPLAND,10/15/2013 - 10/15/2021,1589,1078,0.6784140969162996,511,RHNA5
VACAVILLE,01/31/2015 - 01/31/2023,1084,3379,3.117158671586716,-2295,RHNA5
VALLEJO,01/31/2015 - 01/31/2023,1362,517,0.37958883994126286,845,RHNA5
VENTURA,10/15/2013 - 10/15/2021,3654,3028,0.8286808976464148,626,RHNA5
VENTURA COUNTY,10/15/2013 - 10/15/2021,1015,833,0.8206896551724138,182,RHNA5
VERNON,10/15/2013 - 10/15/2021,2,0,0.0,2,RHNA5
VICTORVILLE,10/15/2013 - 10/15/2021,7371,1093,0.14828381495048162,6278,RHNA5
VILLA PARK,10/15/2013 - 10/15/2021,14,49,3.5,-35,RHNA5
VISALIA,12/31/2015 - 12/31/2023,10021,6629,0.6615108272627482,3392,RHNA5
VISTA,04/30/2013 - 04/30/2021,1374,3090,2.2489082969432315,-1716,RHNA5
WALNUT,10/15/2013 - 10/15/2021,908,479,0.5275330396475771,429,RHNA5
WALNUT CREEK,01/31/2015 - 01/31/2023,2235,2034,0.9100671140939597,201,RHNA5
WASCO,12/31/2015 - 12/31/2023,1426,581,0.4074333800841515,845,RHNA5
WATERFORD,12/31/2015 - 12/31/2023,525,116,0.22095238095238096,409,RHNA5
WATSONVILLE,12/31/2015 - 12/31/2023,700,519,0.7414285714285714,181,RHNA5
WEED,06/30/2014 - 02/15/2023,38,9,0.23684210526315788,29,RHNA5
WEST COVINA,10/15/2013 - 10/15/2021,831,791,0.9518652226233454,40,RHNA5
WEST HOLLYWOOD,10/15/2013 - 10/15/2021,77,2196,28.51948051948052,-2119,RHNA5
WEST SACRAMENTO,10/31/2013 - 05/14/2021,5977,2715,0.4542412581562657,3262,RHNA5
WESTLAKE VILLAGE,10/15/2013 - 10/15/2021,45,3,0.06666666666666667,42,RHNA5
WESTMINSTER,10/15/2013 - 10/15/2021,2,635,317.5,-633,RHNA5
WESTMORLAND,10/15/2013 - 10/15/2021,233,2,0.008583690987124463,231,RHNA5
WHEATLAND,10/31/2013 - 05/14/2021,483,1,0.002070393374741201,482,RHNA5
WHITTIER,10/15/2013 - 10/15/2021,878,1349,1.5364464692482915,-471,RHNA5
WILDOMAR,10/15/2013 - 10/15/2021,2535,780,0.3076923076923077,1755,RHNA5
WILLIAMS,06/30/2014 - 12/31/2020,307,24,0.0781758957654723,283,RHNA5
WILLITS,06/30/2014 - 06/30/2019,13,3,0.23076923076923078,10,RHNA5
WILLOWS,06/30/2014 - 11/30/2021,63,84,1.3333333333333333,-21,RHNA5
WINDSOR,01/31/2015 - 01/31/2023,440,405,0.9204545454545454,35,RHNA5
WINTERS,10/31/2013 - 05/14/2021,319,381,1.1943573667711598,-62,RHNA5
WOODLAKE,12/31/2015 - 12/31/2023,372,315,0.8467741935483871,57,RHNA5
WOODLAND,10/31/2013 - 05/14/2021,1877,1785,0.9509856153436335,92,RHNA5
WOODSIDE,01/31/2015 - 01/31/2023,62,150,2.4193548387096775,-88,RHNA5
YOLO COUNTY,10/31/2013 - 05/14/2021,1890,165,0.0873015873015873,1725,RHNA5
YORBA LINDA,10/15/2013 - 10/15/2021,669,1072,1.602391629297459,-403,RHNA5
YOUNTVILLE,01/31/2015 - 01/31/2023,17,37,2.176470588235294,-20,RHNA5
YREKA,06/30/2014 - 02/15/2023,103,8,0.07766990291262135,95,RHNA5
YUBA CITY,10/31/2013 - 05/14/2021,2679,389,0.1452034341172079,2290,RHNA5
YUBA COUNTY,10/31/2013 - 05/14/2021,4676,3291,0.7038066723695466,1385,RHNA5
YUCAIPA,10/15/2013 - 10/15/2021,1605,740,0.46105919003115264,865,RHNA5
YUCCA VALLEY,10/15/2013 - 10/15/2021,930,275,0.2956989247311828,655,RHNA5
